phecname,date,total_samples,delta_count,delta_frequency
East Midlands,2021-04-01,149,0,0
East Midlands,2021-04-02,164,0,0
East Midlands,2021-04-03,127,2,0.015748031496062992
East Midlands,2021-04-04,131,0,0
East Midlands,2021-04-05,130,0,0
East Midlands,2021-04-06,164,3,0.018292682926829267
East Midlands,2021-04-07,75,1,0.013333333333333334
East Midlands,2021-04-08,87,1,0.011494252873563218
East Midlands,2021-04-09,110,0,0
East Midlands,2021-04-10,89,2,0.02247191011235955
East Midlands,2021-04-11,93,1,0.010752688172043012
East Midlands,2021-04-12,116,0,0
East Midlands,2021-04-13,97,1,0.010309278350515464
East Midlands,2021-04-14,99,3,0.030303030303030304
East Midlands,2021-04-15,83,2,0.024096385542168676
East Midlands,2021-04-16,86,3,0.03488372093023256
East Midlands,2021-04-17,71,6,0.08450704225352113
East Midlands,2021-04-18,73,0,0
East Midlands,2021-04-19,110,8,0.07272727272727272
East Midlands,2021-04-20,112,9,0.08035714285714286
East Midlands,2021-04-21,116,13,0.11206896551724138
East Midlands,2021-04-22,95,9,0.09473684210526316
East Midlands,2021-04-23,80,8,0.1
East Midlands,2021-04-24,73,7,0.0958904109589041
East Midlands,2021-04-25,71,4,0.056338028169014086
East Midlands,2021-04-26,105,4,0.0380952380952381
East Midlands,2021-04-27,107,12,0.11214953271028037
East Midlands,2021-04-28,83,10,0.12048192771084337
East Midlands,2021-04-29,96,8,0.08333333333333333
East Midlands,2021-04-30,66,16,0.24242424242424243
East Midlands,2021-05-01,69,12,0.17391304347826086
East Midlands,2021-05-02,88,12,0.13636363636363635
East Midlands,2021-05-03,110,14,0.12727272727272726
East Midlands,2021-05-04,142,23,0.1619718309859155
East Midlands,2021-05-05,145,28,0.19310344827586207
East Midlands,2021-05-06,167,31,0.18562874251497005
East Midlands,2021-05-07,141,31,0.2198581560283688
East Midlands,2021-05-08,85,21,0.24705882352941178
East Midlands,2021-05-09,107,20,0.18691588785046728
East Midlands,2021-05-10,153,40,0.26143790849673204
East Midlands,2021-05-11,101,27,0.26732673267326734
East Midlands,2021-05-12,99,28,0.2828282828282828
East Midlands,2021-05-13,94,33,0.35106382978723405
East Midlands,2021-05-14,92,29,0.31521739130434784
East Midlands,2021-05-15,67,23,0.34328358208955223
East Midlands,2021-05-16,64,19,0.296875
East Midlands,2021-05-17,102,45,0.4411764705882353
East Midlands,2021-05-18,95,45,0.47368421052631576
East Midlands,2021-05-19,125,65,0.52
East Midlands,2021-05-20,124,67,0.5403225806451613
East Midlands,2021-05-21,75,43,0.5733333333333334
East Midlands,2021-05-22,92,59,0.6413043478260869
East Midlands,2021-05-23,80,47,0.5875
East Midlands,2021-05-24,135,84,0.6222222222222222
East Midlands,2021-05-25,121,85,0.7024793388429752
East Midlands,2021-05-26,114,78,0.6842105263157895
East Midlands,2021-05-27,127,91,0.7165354330708661
East Midlands,2021-05-28,131,87,0.6641221374045801
East Midlands,2021-05-29,114,91,0.7982456140350878
East Midlands,2021-05-30,120,89,0.7416666666666667
East Midlands,2021-05-31,138,104,0.7536231884057971
East Midlands,2021-06-01,205,166,0.8097560975609757
East Midlands,2021-06-02,204,176,0.8627450980392157
East Midlands,2021-06-03,171,138,0.8070175438596491
East Midlands,2021-06-04,189,157,0.8306878306878307
East Midlands,2021-06-05,181,157,0.8674033149171271
East Midlands,2021-06-06,213,180,0.8450704225352113
East Midlands,2021-06-07,331,292,0.8821752265861027
East Midlands,2021-06-08,268,245,0.914179104477612
East Midlands,2021-06-09,246,223,0.9065040650406504
East Midlands,2021-06-10,247,226,0.9149797570850202
East Midlands,2021-06-11,198,183,0.9242424242424242
East Midlands,2021-06-12,169,157,0.9289940828402367
East Midlands,2021-06-13,172,143,0.8313953488372093
East Midlands,2021-06-14,269,255,0.9479553903345725
East Midlands,2021-06-15,253,240,0.9486166007905138
East Midlands,2021-06-16,320,296,0.925
East Midlands,2021-06-17,281,270,0.9608540925266904
East Midlands,2021-06-18,359,349,0.9721448467966574
East Midlands,2021-06-19,190,185,0.9736842105263158
East Midlands,2021-06-20,185,183,0.9891891891891892
East Midlands,2021-06-21,359,349,0.9721448467966574
East Midlands,2021-06-22,419,409,0.9761336515513126
East Midlands,2021-06-23,302,294,0.9735099337748344
East Midlands,2021-06-24,334,329,0.9850299401197605
East Midlands,2021-06-25,257,250,0.9727626459143969
East Midlands,2021-06-26,339,332,0.9793510324483776
East Midlands,2021-06-27,324,320,0.9876543209876543
East Midlands,2021-06-28,430,421,0.9790697674418605
East Midlands,2021-06-29,564,558,0.9893617021276596
East Midlands,2021-06-30,399,389,0.974937343358396
East Midlands,2021-07-01,214,211,0.985981308411215
East of England,2021-04-01,74,2,0.02702702702702703
East of England,2021-04-02,70,0,0
East of England,2021-04-03,89,2,0.02247191011235955
East of England,2021-04-04,75,0,0
East of England,2021-04-05,74,2,0.02702702702702703
East of England,2021-04-06,104,0,0
East of England,2021-04-07,53,1,0.018867924528301886
East of England,2021-04-08,60,2,0.03333333333333333
East of England,2021-04-09,68,2,0.029411764705882353
East of England,2021-04-10,53,0,0
East of England,2021-04-11,85,5,0.058823529411764705
East of England,2021-04-12,81,1,0.012345679012345678
East of England,2021-04-13,57,0,0
East of England,2021-04-14,58,1,0.017241379310344827
East of England,2021-04-15,40,1,0.025
East of England,2021-04-16,64,4,0.0625
East of England,2021-04-17,52,2,0.038461538461538464
East of England,2021-04-18,41,4,0.0975609756097561
East of England,2021-04-19,71,5,0.07042253521126761
East of England,2021-04-20,95,4,0.042105263157894736
East of England,2021-04-21,82,3,0.036585365853658534
East of England,2021-04-22,82,6,0.07317073170731707
East of England,2021-04-23,66,4,0.06060606060606061
East of England,2021-04-24,60,6,0.1
East of England,2021-04-25,64,7,0.109375
East of England,2021-04-26,95,2,0.021052631578947368
East of England,2021-04-27,82,13,0.15853658536585366
East of England,2021-04-28,61,9,0.14754098360655737
East of England,2021-04-29,86,12,0.13953488372093023
East of England,2021-04-30,68,11,0.16176470588235295
East of England,2021-05-01,66,18,0.2727272727272727
East of England,2021-05-02,59,18,0.3050847457627119
East of England,2021-05-03,75,23,0.30666666666666664
East of England,2021-05-04,115,23,0.2
East of England,2021-05-05,99,24,0.24242424242424243
East of England,2021-05-06,82,22,0.2682926829268293
East of England,2021-05-07,70,23,0.32857142857142857
East of England,2021-05-08,59,20,0.3389830508474576
East of England,2021-05-09,88,29,0.32954545454545453
East of England,2021-05-10,122,62,0.5081967213114754
East of England,2021-05-11,95,51,0.5368421052631579
East of England,2021-05-12,91,41,0.45054945054945056
East of England,2021-05-13,95,45,0.47368421052631576
East of England,2021-05-14,78,38,0.48717948717948717
East of England,2021-05-15,48,23,0.4791666666666667
East of England,2021-05-16,69,38,0.5507246376811594
East of England,2021-05-17,151,108,0.7152317880794702
East of England,2021-05-18,140,87,0.6214285714285714
East of England,2021-05-19,148,112,0.7567567567567568
East of England,2021-05-20,112,70,0.625
East of England,2021-05-21,101,64,0.6336633663366337
East of England,2021-05-22,101,60,0.594059405940594
East of England,2021-05-23,99,72,0.7272727272727273
East of England,2021-05-24,116,92,0.7931034482758621
East of England,2021-05-25,154,104,0.6753246753246753
East of England,2021-05-26,146,113,0.773972602739726
East of England,2021-05-27,136,115,0.8455882352941176
East of England,2021-05-28,141,127,0.900709219858156
East of England,2021-05-29,117,99,0.8461538461538461
East of England,2021-05-30,123,119,0.967479674796748
East of England,2021-05-31,140,122,0.8714285714285714
East of England,2021-06-01,200,180,0.9
East of England,2021-06-02,236,217,0.9194915254237288
East of England,2021-06-03,197,176,0.8934010152284264
East of England,2021-06-04,200,181,0.905
East of England,2021-06-05,187,166,0.8877005347593583
East of England,2021-06-06,218,191,0.8761467889908257
East of England,2021-06-07,251,221,0.8804780876494024
East of England,2021-06-08,271,253,0.933579335793358
East of England,2021-06-09,186,173,0.9301075268817204
East of England,2021-06-10,182,174,0.9560439560439561
East of England,2021-06-11,185,173,0.9351351351351351
East of England,2021-06-12,109,105,0.963302752293578
East of England,2021-06-13,139,131,0.9424460431654677
East of England,2021-06-14,192,182,0.9479166666666666
East of England,2021-06-15,205,201,0.9804878048780488
East of England,2021-06-16,218,206,0.944954128440367
East of England,2021-06-17,255,245,0.9607843137254902
East of England,2021-06-18,245,233,0.9510204081632653
East of England,2021-06-19,109,106,0.9724770642201835
East of England,2021-06-20,87,83,0.9540229885057471
East of England,2021-06-21,201,197,0.9800995024875622
East of England,2021-06-22,387,384,0.9922480620155039
East of England,2021-06-23,315,312,0.9904761904761905
East of England,2021-06-24,439,430,0.979498861047836
East of England,2021-06-25,222,222,1
East of England,2021-06-26,349,341,0.9770773638968482
East of England,2021-06-27,273,271,0.9926739926739927
East of England,2021-06-28,373,362,0.9705093833780161
East of England,2021-06-29,469,463,0.9872068230277186
East of England,2021-06-30,409,396,0.9682151589242054
East of England,2021-07-01,321,317,0.9875389408099688
London,2021-04-01,110,1,0.00909090909090909
London,2021-04-02,76,2,0.02631578947368421
London,2021-04-03,80,0,0
London,2021-04-04,71,2,0.028169014084507043
London,2021-04-05,73,2,0.0273972602739726
London,2021-04-06,111,6,0.05405405405405406
London,2021-04-07,107,5,0.04672897196261682
London,2021-04-08,75,3,0.04
London,2021-04-09,110,7,0.06363636363636363
London,2021-04-10,80,0,0
London,2021-04-11,93,4,0.043010752688172046
London,2021-04-12,102,7,0.06862745098039216
London,2021-04-13,109,4,0.03669724770642202
London,2021-04-14,106,6,0.05660377358490566
London,2021-04-15,111,13,0.11711711711711711
London,2021-04-16,104,8,0.07692307692307693
London,2021-04-17,89,8,0.0898876404494382
London,2021-04-18,106,10,0.09433962264150944
London,2021-04-19,137,29,0.2116788321167883
London,2021-04-20,130,23,0.17692307692307693
London,2021-04-21,155,19,0.12258064516129032
London,2021-04-22,99,23,0.23232323232323232
London,2021-04-23,66,14,0.21212121212121213
London,2021-04-24,89,18,0.20224719101123595
London,2021-04-25,93,15,0.16129032258064516
London,2021-04-26,103,22,0.21359223300970873
London,2021-04-27,88,19,0.2159090909090909
London,2021-04-28,118,30,0.2542372881355932
London,2021-04-29,74,15,0.20270270270270271
London,2021-04-30,90,32,0.35555555555555557
London,2021-05-01,87,40,0.45977011494252873
London,2021-05-02,69,29,0.42028985507246375
London,2021-05-03,87,26,0.2988505747126437
London,2021-05-04,117,41,0.3504273504273504
London,2021-05-05,94,29,0.30851063829787234
London,2021-05-06,115,27,0.23478260869565218
London,2021-05-07,99,39,0.3939393939393939
London,2021-05-08,87,30,0.3448275862068966
London,2021-05-09,94,36,0.3829787234042553
London,2021-05-10,129,66,0.5116279069767442
London,2021-05-11,106,57,0.5377358490566038
London,2021-05-12,106,51,0.4811320754716981
London,2021-05-13,72,42,0.5833333333333334
London,2021-05-14,82,39,0.47560975609756095
London,2021-05-15,66,44,0.6666666666666666
London,2021-05-16,56,32,0.5714285714285714
London,2021-05-17,126,82,0.6507936507936508
London,2021-05-18,115,80,0.6956521739130435
London,2021-05-19,120,82,0.6833333333333333
London,2021-05-20,149,102,0.6845637583892618
London,2021-05-21,168,119,0.7083333333333334
London,2021-05-22,167,116,0.6946107784431138
London,2021-05-23,177,131,0.7401129943502824
London,2021-05-24,224,174,0.7767857142857143
London,2021-05-25,302,227,0.7516556291390728
London,2021-05-26,356,282,0.7921348314606742
London,2021-05-27,365,277,0.7589041095890411
London,2021-05-28,328,274,0.8353658536585366
London,2021-05-29,278,237,0.8525179856115108
London,2021-05-30,297,268,0.9023569023569024
London,2021-05-31,374,326,0.8716577540106952
London,2021-06-01,527,465,0.8823529411764706
London,2021-06-02,636,561,0.8820754716981132
London,2021-06-03,583,522,0.8953687821612349
London,2021-06-04,519,464,0.8940269749518305
London,2021-06-05,471,430,0.9129511677282378
London,2021-06-06,508,476,0.937007874015748
London,2021-06-07,748,691,0.9237967914438503
London,2021-06-08,823,769,0.9343863912515188
London,2021-06-09,770,707,0.9181818181818182
London,2021-06-10,752,705,0.9375
London,2021-06-11,618,596,0.9644012944983819
London,2021-06-12,439,421,0.958997722095672
London,2021-06-13,451,433,0.9600886917960089
London,2021-06-14,732,695,0.9494535519125683
London,2021-06-15,705,675,0.9574468085106383
London,2021-06-16,666,645,0.9684684684684685
London,2021-06-17,760,735,0.9671052631578947
London,2021-06-18,674,658,0.9762611275964391
London,2021-06-19,479,461,0.9624217118997912
London,2021-06-20,373,359,0.9624664879356568
London,2021-06-21,698,682,0.9770773638968482
London,2021-06-22,1031,1003,0.9728419010669254
London,2021-06-23,1103,1069,0.9691749773345422
London,2021-06-24,1073,1036,0.9655172413793104
London,2021-06-25,803,783,0.975093399750934
London,2021-06-26,705,692,0.9815602836879432
London,2021-06-27,795,775,0.9748427672955975
London,2021-06-28,1068,1044,0.9775280898876404
London,2021-06-29,1107,1085,0.980126467931346
London,2021-06-30,836,828,0.9904306220095693
London,2021-07-01,1038,1023,0.9855491329479769
North East,2021-04-01,107,0,0
North East,2021-04-02,70,0,0
North East,2021-04-03,68,0,0
North East,2021-04-04,72,0,0
North East,2021-04-05,75,0,0
North East,2021-04-06,80,0,0
North East,2021-04-07,81,1,0.012345679012345678
North East,2021-04-08,64,0,0
North East,2021-04-09,61,1,0.01639344262295082
North East,2021-04-10,45,0,0
North East,2021-04-11,67,0,0
North East,2021-04-12,54,1,0.018518518518518517
North East,2021-04-13,21,0,0
North East,2021-04-14,52,0,0
North East,2021-04-15,52,0,0
North East,2021-04-16,48,1,0.020833333333333332
North East,2021-04-17,45,0,0
North East,2021-04-18,43,1,0.023255813953488372
North East,2021-04-19,61,0,0
North East,2021-04-20,52,2,0.038461538461538464
North East,2021-04-21,68,0,0
North East,2021-04-22,32,1,0.03125
North East,2021-04-23,43,0,0
North East,2021-04-24,33,2,0.06060606060606061
North East,2021-04-25,55,2,0.03636363636363636
North East,2021-04-26,72,3,0.041666666666666664
North East,2021-04-27,70,4,0.05714285714285714
North East,2021-04-28,54,5,0.09259259259259259
North East,2021-04-29,33,4,0.12121212121212122
North East,2021-04-30,45,7,0.15555555555555556
North East,2021-05-01,39,6,0.15384615384615385
North East,2021-05-02,19,2,0.10526315789473684
North East,2021-05-03,29,1,0.034482758620689655
North East,2021-05-04,68,9,0.1323529411764706
North East,2021-05-05,37,3,0.08108108108108109
North East,2021-05-06,54,8,0.14814814814814814
North East,2021-05-07,53,4,0.07547169811320754
North East,2021-05-08,35,5,0.14285714285714285
North East,2021-05-09,31,4,0.12903225806451613
North East,2021-05-10,21,4,0.19047619047619047
North East,2021-05-11,48,9,0.1875
North East,2021-05-12,45,7,0.15555555555555556
North East,2021-05-13,46,11,0.2391304347826087
North East,2021-05-14,31,3,0.0967741935483871
North East,2021-05-15,26,6,0.23076923076923078
North East,2021-05-16,42,6,0.14285714285714285
North East,2021-05-17,72,10,0.1388888888888889
North East,2021-05-18,61,13,0.21311475409836064
North East,2021-05-19,52,19,0.36538461538461536
North East,2021-05-20,28,7,0.25
North East,2021-05-21,32,3,0.09375
North East,2021-05-22,30,11,0.36666666666666664
North East,2021-05-23,61,24,0.39344262295081966
North East,2021-05-24,53,17,0.32075471698113206
North East,2021-05-25,79,33,0.4177215189873418
North East,2021-05-26,61,28,0.45901639344262296
North East,2021-05-27,70,41,0.5857142857142857
North East,2021-05-28,69,35,0.5072463768115942
North East,2021-05-29,86,59,0.686046511627907
North East,2021-05-30,68,46,0.6764705882352942
North East,2021-05-31,76,51,0.6710526315789473
North East,2021-06-01,111,81,0.7297297297297297
North East,2021-06-02,136,104,0.7647058823529411
North East,2021-06-03,174,135,0.7758620689655172
North East,2021-06-04,174,146,0.8390804597701149
North East,2021-06-05,127,94,0.7401574803149606
North East,2021-06-06,165,111,0.6727272727272727
North East,2021-06-07,239,210,0.8786610878661087
North East,2021-06-08,258,234,0.9069767441860465
North East,2021-06-09,309,285,0.9223300970873787
North East,2021-06-10,335,325,0.9701492537313433
North East,2021-06-11,343,322,0.9387755102040817
North East,2021-06-12,287,275,0.9581881533101045
North East,2021-06-13,304,240,0.7894736842105263
North East,2021-06-14,531,501,0.943502824858757
North East,2021-06-15,527,505,0.9582542694497154
North East,2021-06-16,576,514,0.8923611111111112
North East,2021-06-17,640,595,0.9296875
North East,2021-06-18,560,539,0.9625
North East,2021-06-19,292,284,0.9726027397260274
North East,2021-06-20,364,351,0.9642857142857143
North East,2021-06-21,663,637,0.9607843137254902
North East,2021-06-22,408,403,0.9877450980392157
North East,2021-06-23,507,495,0.9763313609467456
North East,2021-06-24,372,322,0.8655913978494624
North East,2021-06-25,619,608,0.9822294022617124
North East,2021-06-26,516,513,0.9941860465116279
North East,2021-06-27,487,474,0.973305954825462
North East,2021-06-28,585,570,0.9743589743589743
North East,2021-06-29,353,346,0.9801699716713881
North East,2021-06-30,494,481,0.9736842105263158
North East,2021-07-01,563,559,0.9928952042628775
North West,2021-04-01,252,0,0
North West,2021-04-02,166,1,0.006024096385542169
North West,2021-04-03,223,0,0
North West,2021-04-04,219,1,0.0045662100456621
North West,2021-04-05,262,1,0.003816793893129771
North West,2021-04-06,200,0,0
North West,2021-04-07,170,5,0.029411764705882353
North West,2021-04-08,195,1,0.005128205128205128
North West,2021-04-09,105,1,0.009523809523809525
North West,2021-04-10,134,3,0.022388059701492536
North West,2021-04-11,159,1,0.006289308176100629
North West,2021-04-12,186,2,0.010752688172043012
North West,2021-04-13,184,2,0.010869565217391304
North West,2021-04-14,182,3,0.016483516483516484
North West,2021-04-15,182,12,0.06593406593406594
North West,2021-04-16,138,3,0.021739130434782608
North West,2021-04-17,83,5,0.060240963855421686
North West,2021-04-18,128,4,0.03125
North West,2021-04-19,147,7,0.047619047619047616
North West,2021-04-20,120,4,0.03333333333333333
North West,2021-04-21,170,4,0.023529411764705882
North West,2021-04-22,146,11,0.07534246575342465
North West,2021-04-23,140,15,0.10714285714285714
North West,2021-04-24,117,22,0.18803418803418803
North West,2021-04-25,145,12,0.08275862068965517
North West,2021-04-26,221,33,0.1493212669683258
North West,2021-04-27,154,26,0.16883116883116883
North West,2021-04-28,212,36,0.16981132075471697
North West,2021-04-29,200,34,0.17
North West,2021-04-30,160,54,0.3375
North West,2021-05-01,138,57,0.41304347826086957
North West,2021-05-02,131,51,0.3893129770992366
North West,2021-05-03,181,70,0.3867403314917127
North West,2021-05-04,297,96,0.32323232323232326
North West,2021-05-05,304,153,0.5032894736842105
North West,2021-05-06,277,137,0.49458483754512633
North West,2021-05-07,263,144,0.5475285171102662
North West,2021-05-08,204,138,0.6764705882352942
North West,2021-05-09,272,162,0.5955882352941176
North West,2021-05-10,410,252,0.6146341463414634
North West,2021-05-11,341,225,0.6598240469208211
North West,2021-05-12,340,200,0.5882352941176471
North West,2021-05-13,262,94,0.35877862595419846
North West,2021-05-14,278,159,0.5719424460431655
North West,2021-05-15,292,212,0.726027397260274
North West,2021-05-16,338,262,0.7751479289940828
North West,2021-05-17,515,411,0.7980582524271844
North West,2021-05-18,583,489,0.8387650085763293
North West,2021-05-19,453,360,0.7947019867549668
North West,2021-05-20,459,374,0.8148148148148148
North West,2021-05-21,425,362,0.851764705882353
North West,2021-05-22,399,343,0.8596491228070176
North West,2021-05-23,437,386,0.8832951945080092
North West,2021-05-24,742,677,0.9123989218328841
North West,2021-05-25,768,693,0.90234375
North West,2021-05-26,886,795,0.8972911963882618
North West,2021-05-27,866,771,0.8903002309468823
North West,2021-05-28,803,745,0.9277708592777086
North West,2021-05-29,737,692,0.9389416553595658
North West,2021-05-30,739,705,0.9539918809201624
North West,2021-05-31,956,922,0.9644351464435147
North West,2021-06-01,1411,1348,0.9553508150248051
North West,2021-06-02,1544,1480,0.9585492227979274
North West,2021-06-03,1651,1603,0.9709267110841914
North West,2021-06-04,1561,1487,0.9525944907110826
North West,2021-06-05,1211,1170,0.9661436829066887
North West,2021-06-06,1464,1402,0.9576502732240437
North West,2021-06-07,2003,1906,0.9515726410384423
North West,2021-06-08,1885,1829,0.9702917771883289
North West,2021-06-09,1981,1944,0.9813225643614336
North West,2021-06-10,1952,1916,0.9815573770491803
North West,2021-06-11,1812,1764,0.9735099337748344
North West,2021-06-12,1392,1337,0.9604885057471264
North West,2021-06-13,1690,1481,0.8763313609467456
North West,2021-06-14,2394,2344,0.9791144527986633
North West,2021-06-15,2429,2395,0.986002470152326
North West,2021-06-16,2479,2433,0.9814441306978621
North West,2021-06-17,2401,2307,0.9608496459808413
North West,2021-06-18,2110,2089,0.9900473933649289
North West,2021-06-19,1638,1623,0.9908424908424909
North West,2021-06-20,1960,1925,0.9821428571428571
North West,2021-06-21,2879,2832,0.9836748871135811
North West,2021-06-22,2307,2259,0.9791937581274383
North West,2021-06-23,1884,1876,0.9957537154989384
North West,2021-06-24,734,723,0.9850136239782016
North West,2021-06-25,602,591,0.9817275747508306
North West,2021-06-26,594,589,0.9915824915824916
North West,2021-06-27,691,686,0.9927641099855282
North West,2021-06-28,1035,1029,0.9942028985507246
North West,2021-06-29,1485,1469,0.9892255892255892
North West,2021-06-30,985,975,0.9898477157360406
North West,2021-07-01,349,346,0.9914040114613181
South East,2021-04-01,43,0,0
South East,2021-04-02,56,0,0
South East,2021-04-03,66,1,0.015151515151515152
South East,2021-04-04,61,0,0
South East,2021-04-05,46,0,0
South East,2021-04-06,118,7,0.059322033898305086
South East,2021-04-07,75,0,0
South East,2021-04-08,57,0,0
South East,2021-04-09,56,2,0.03571428571428571
South East,2021-04-10,51,4,0.0784313725490196
South East,2021-04-11,53,1,0.018867924528301886
South East,2021-04-12,77,0,0
South East,2021-04-13,58,3,0.05172413793103448
South East,2021-04-14,52,2,0.038461538461538464
South East,2021-04-15,71,3,0.04225352112676056
South East,2021-04-16,62,1,0.016129032258064516
South East,2021-04-17,53,7,0.1320754716981132
South East,2021-04-18,56,2,0.03571428571428571
South East,2021-04-19,80,4,0.05
South East,2021-04-20,52,5,0.09615384615384616
South East,2021-04-21,51,4,0.0784313725490196
South East,2021-04-22,47,5,0.10638297872340426
South East,2021-04-23,43,9,0.20930232558139536
South East,2021-04-24,26,4,0.15384615384615385
South East,2021-04-25,32,2,0.0625
South East,2021-04-26,64,7,0.109375
South East,2021-04-27,48,7,0.14583333333333334
South East,2021-04-28,37,7,0.1891891891891892
South East,2021-04-29,37,6,0.16216216216216217
South East,2021-04-30,45,3,0.06666666666666667
South East,2021-05-01,51,6,0.11764705882352941
South East,2021-05-02,44,8,0.18181818181818182
South East,2021-05-03,47,13,0.2765957446808511
South East,2021-05-04,51,6,0.11764705882352941
South East,2021-05-05,42,10,0.23809523809523808
South East,2021-05-06,56,15,0.26785714285714285
South East,2021-05-07,50,15,0.3
South East,2021-05-08,28,9,0.32142857142857145
South East,2021-05-09,31,6,0.1935483870967742
South East,2021-05-10,53,20,0.37735849056603776
South East,2021-05-11,48,12,0.25
South East,2021-05-12,48,23,0.4791666666666667
South East,2021-05-13,38,20,0.5263157894736842
South East,2021-05-14,33,18,0.5454545454545454
South East,2021-05-15,32,15,0.46875
South East,2021-05-16,19,8,0.42105263157894735
South East,2021-05-17,68,41,0.6029411764705882
South East,2021-05-18,71,43,0.6056338028169014
South East,2021-05-19,63,35,0.5555555555555556
South East,2021-05-20,40,26,0.65
South East,2021-05-21,80,50,0.625
South East,2021-05-22,83,60,0.7228915662650602
South East,2021-05-23,102,75,0.7352941176470589
South East,2021-05-24,181,135,0.7458563535911602
South East,2021-05-25,181,145,0.8011049723756906
South East,2021-05-26,202,156,0.7722772277227723
South East,2021-05-27,229,196,0.8558951965065502
South East,2021-05-28,213,183,0.8591549295774648
South East,2021-05-29,214,192,0.897196261682243
South East,2021-05-30,220,204,0.9272727272727272
South East,2021-05-31,255,236,0.9254901960784314
South East,2021-06-01,340,301,0.8852941176470588
South East,2021-06-02,400,372,0.93
South East,2021-06-03,354,329,0.9293785310734464
South East,2021-06-04,373,341,0.9142091152815014
South East,2021-06-05,309,290,0.9385113268608414
South East,2021-06-06,347,331,0.9538904899135446
South East,2021-06-07,446,420,0.9417040358744395
South East,2021-06-08,413,387,0.937046004842615
South East,2021-06-09,455,417,0.9164835164835164
South East,2021-06-10,473,442,0.9344608879492601
South East,2021-06-11,385,360,0.935064935064935
South East,2021-06-12,309,296,0.9579288025889967
South East,2021-06-13,347,328,0.9452449567723343
South East,2021-06-14,492,474,0.9634146341463414
South East,2021-06-15,442,421,0.9524886877828054
South East,2021-06-16,485,457,0.9422680412371134
South East,2021-06-17,466,452,0.9699570815450643
South East,2021-06-18,531,513,0.9661016949152542
South East,2021-06-19,280,272,0.9714285714285714
South East,2021-06-20,242,232,0.9586776859504132
South East,2021-06-21,406,387,0.9532019704433498
South East,2021-06-22,588,573,0.9744897959183674
South East,2021-06-23,733,708,0.965893587994543
South East,2021-06-24,707,696,0.9844413012729845
South East,2021-06-25,489,475,0.9713701431492843
South East,2021-06-26,640,627,0.9796875
South East,2021-06-27,512,494,0.96484375
South East,2021-06-28,773,700,0.9055627425614489
South East,2021-06-29,1034,1005,0.971953578336557
South East,2021-06-30,877,862,0.9828962371721779
South East,2021-07-01,860,847,0.9848837209302326
South West,2021-04-01,25,0,0
South West,2021-04-02,14,0,0
South West,2021-04-03,28,1,0.03571428571428571
South West,2021-04-04,24,1,0.041666666666666664
South West,2021-04-05,16,1,0.0625
South West,2021-04-06,26,0,0
South West,2021-04-07,18,1,0.05555555555555555
South West,2021-04-08,18,0,0
South West,2021-04-09,17,1,0.058823529411764705
South West,2021-04-10,13,1,0.07692307692307693
South West,2021-04-11,14,1,0.07142857142857142
South West,2021-04-12,12,1,0.08333333333333333
South West,2021-04-13,20,0,0
South West,2021-04-14,13,2,0.15384615384615385
South West,2021-04-15,12,3,0.25
South West,2021-04-16,19,3,0.15789473684210525
South West,2021-04-17,15,2,0.13333333333333333
South West,2021-04-18,11,2,0.18181818181818182
South West,2021-04-19,16,1,0.0625
South West,2021-04-20,14,1,0.07142857142857142
South West,2021-04-21,16,0,0
South West,2021-04-22,14,2,0.14285714285714285
South West,2021-04-23,15,2,0.13333333333333333
South West,2021-04-24,10,2,0.2
South West,2021-04-25,12,6,0.5
South West,2021-04-26,16,6,0.375
South West,2021-04-27,9,0,0
South West,2021-04-28,5,2,0.4
South West,2021-04-29,6,1,0.16666666666666666
South West,2021-04-30,10,0,0
South West,2021-05-01,3,2,0.6666666666666666
South West,2021-05-02,2,1,0.5
South West,2021-05-03,6,3,0.5
South West,2021-05-04,12,5,0.4166666666666667
South West,2021-05-05,7,4,0.5714285714285714
South West,2021-05-06,5,4,0.8
South West,2021-05-07,3,2,0.6666666666666666
South West,2021-05-08,4,0,0
South West,2021-05-09,2,2,1
South West,2021-05-10,11,3,0.2727272727272727
South West,2021-05-11,21,7,0.3333333333333333
South West,2021-05-12,18,7,0.3888888888888889
South West,2021-05-13,17,6,0.35294117647058826
South West,2021-05-14,4,2,0.5
South West,2021-05-15,8,4,0.5
South West,2021-05-16,14,2,0.14285714285714285
South West,2021-05-17,34,22,0.6470588235294118
South West,2021-05-18,23,3,0.13043478260869565
South West,2021-05-19,32,13,0.40625
South West,2021-05-20,36,14,0.3888888888888889
South West,2021-05-21,29,14,0.4827586206896552
South West,2021-05-22,34,20,0.5882352941176471
South West,2021-05-23,21,15,0.7142857142857143
South West,2021-05-24,27,14,0.5185185185185185
South West,2021-05-25,45,28,0.6222222222222222
South West,2021-05-26,19,10,0.5263157894736842
South West,2021-05-27,46,37,0.8043478260869565
South West,2021-05-28,31,22,0.7096774193548387
South West,2021-05-29,41,35,0.8536585365853658
South West,2021-05-30,36,32,0.8888888888888888
South West,2021-05-31,70,55,0.7857142857142857
South West,2021-06-01,80,74,0.925
South West,2021-06-02,84,75,0.8928571428571429
South West,2021-06-03,89,84,0.9438202247191011
South West,2021-06-04,144,124,0.8611111111111112
South West,2021-06-05,108,94,0.8703703703703703
South West,2021-06-06,125,107,0.856
South West,2021-06-07,224,193,0.8616071428571429
South West,2021-06-08,212,198,0.9339622641509434
South West,2021-06-09,222,213,0.9594594594594594
South West,2021-06-10,292,276,0.9452054794520548
South West,2021-06-11,321,313,0.9750778816199377
South West,2021-06-12,252,243,0.9642857142857143
South West,2021-06-13,298,292,0.9798657718120806
South West,2021-06-14,301,290,0.9634551495016611
South West,2021-06-15,447,439,0.9821029082774049
South West,2021-06-16,300,286,0.9533333333333334
South West,2021-06-17,348,334,0.9597701149425287
South West,2021-06-18,345,337,0.9768115942028985
South West,2021-06-19,213,207,0.971830985915493
South West,2021-06-20,101,96,0.9504950495049505
South West,2021-06-21,236,227,0.961864406779661
South West,2021-06-22,360,354,0.9833333333333333
South West,2021-06-23,645,622,0.9643410852713178
South West,2021-06-24,571,561,0.9824868651488616
South West,2021-06-25,307,295,0.9609120521172638
South West,2021-06-26,672,656,0.9761904761904762
South West,2021-06-27,630,616,0.9777777777777777
South West,2021-06-28,495,478,0.9656565656565657
South West,2021-06-29,931,917,0.9849624060150376
South West,2021-06-30,781,765,0.9795134443021767
South West,2021-07-01,918,900,0.9803921568627451
West Midlands,2021-04-01,182,0,0
West Midlands,2021-04-02,136,0,0
West Midlands,2021-04-03,132,0,0
West Midlands,2021-04-04,139,0,0
West Midlands,2021-04-05,125,0,0
West Midlands,2021-04-06,152,0,0
West Midlands,2021-04-07,136,1,0.007352941176470588
West Midlands,2021-04-08,100,0,0
West Midlands,2021-04-09,86,0,0
West Midlands,2021-04-10,69,0,0
West Midlands,2021-04-11,97,0,0
West Midlands,2021-04-12,117,2,0.017094017094017096
West Midlands,2021-04-13,135,0,0
West Midlands,2021-04-14,120,4,0.03333333333333333
West Midlands,2021-04-15,111,4,0.036036036036036036
West Midlands,2021-04-16,105,1,0.009523809523809525
West Midlands,2021-04-17,89,5,0.056179775280898875
West Midlands,2021-04-18,94,5,0.05319148936170213
West Midlands,2021-04-19,89,3,0.033707865168539325
West Midlands,2021-04-20,76,5,0.06578947368421052
West Midlands,2021-04-21,122,3,0.02459016393442623
West Midlands,2021-04-22,86,2,0.023255813953488372
West Midlands,2021-04-23,71,3,0.04225352112676056
West Midlands,2021-04-24,50,3,0.06
West Midlands,2021-04-25,77,7,0.09090909090909091
West Midlands,2021-04-26,105,8,0.0761904761904762
West Midlands,2021-04-27,78,1,0.01282051282051282
West Midlands,2021-04-28,101,9,0.0891089108910891
West Midlands,2021-04-29,82,4,0.04878048780487805
West Midlands,2021-04-30,77,7,0.09090909090909091
West Midlands,2021-05-01,50,3,0.06
West Midlands,2021-05-02,55,8,0.14545454545454545
West Midlands,2021-05-03,93,12,0.12903225806451613
West Midlands,2021-05-04,98,10,0.10204081632653061
West Midlands,2021-05-05,98,7,0.07142857142857142
West Midlands,2021-05-06,73,10,0.136986301369863
West Midlands,2021-05-07,73,8,0.1095890410958904
West Midlands,2021-05-08,67,9,0.13432835820895522
West Midlands,2021-05-09,68,8,0.11764705882352941
West Midlands,2021-05-10,96,28,0.2916666666666667
West Midlands,2021-05-11,75,18,0.24
West Midlands,2021-05-12,84,22,0.2619047619047619
West Midlands,2021-05-13,69,12,0.17391304347826086
West Midlands,2021-05-14,58,14,0.2413793103448276
West Midlands,2021-05-15,65,17,0.26153846153846155
West Midlands,2021-05-16,44,10,0.22727272727272727
West Midlands,2021-05-17,128,55,0.4296875
West Midlands,2021-05-18,100,53,0.53
West Midlands,2021-05-19,99,54,0.5454545454545454
West Midlands,2021-05-20,87,41,0.47126436781609193
West Midlands,2021-05-21,85,51,0.6
West Midlands,2021-05-22,60,36,0.6
West Midlands,2021-05-23,73,41,0.5616438356164384
West Midlands,2021-05-24,144,109,0.7569444444444444
West Midlands,2021-05-25,150,115,0.7666666666666667
West Midlands,2021-05-26,156,124,0.7948717948717948
West Midlands,2021-05-27,124,103,0.8306451612903226
West Midlands,2021-05-28,167,145,0.8682634730538922
West Midlands,2021-05-29,145,126,0.8689655172413793
West Midlands,2021-05-30,163,133,0.8159509202453987
West Midlands,2021-05-31,195,175,0.8974358974358975
West Midlands,2021-06-01,276,255,0.9239130434782609
West Midlands,2021-06-02,314,289,0.9203821656050956
West Midlands,2021-06-03,306,284,0.9281045751633987
West Midlands,2021-06-04,298,276,0.9261744966442953
West Midlands,2021-06-05,245,231,0.9428571428571428
West Midlands,2021-06-06,241,228,0.946058091286307
West Midlands,2021-06-07,389,362,0.9305912596401028
West Midlands,2021-06-08,399,384,0.9624060150375939
West Midlands,2021-06-09,428,412,0.9626168224299065
West Midlands,2021-06-10,381,362,0.9501312335958005
West Midlands,2021-06-11,394,382,0.9695431472081218
West Midlands,2021-06-12,308,298,0.9675324675324676
West Midlands,2021-06-13,350,343,0.98
West Midlands,2021-06-14,543,528,0.9723756906077348
West Midlands,2021-06-15,565,558,0.9876106194690265
West Midlands,2021-06-16,647,628,0.9706336939721792
West Midlands,2021-06-17,571,550,0.9632224168126094
West Midlands,2021-06-18,545,535,0.981651376146789
West Midlands,2021-06-19,478,473,0.9895397489539749
West Midlands,2021-06-20,495,483,0.9757575757575757
West Midlands,2021-06-21,803,788,0.9813200498132005
West Midlands,2021-06-22,802,785,0.9788029925187033
West Midlands,2021-06-23,645,633,0.9813953488372092
West Midlands,2021-06-24,262,257,0.9809160305343512
West Midlands,2021-06-25,228,226,0.9912280701754386
West Midlands,2021-06-26,308,301,0.9772727272727273
West Midlands,2021-06-27,294,289,0.9829931972789115
West Midlands,2021-06-28,468,460,0.9829059829059829
West Midlands,2021-06-29,923,899,0.9739978331527628
West Midlands,2021-06-30,369,352,0.9539295392953929
West Midlands,2021-07-01,140,138,0.9857142857142858
Yorkshire and Humber,2021-04-01,390,0,0
Yorkshire and Humber,2021-04-02,364,0,0
Yorkshire and Humber,2021-04-03,368,0,0
Yorkshire and Humber,2021-04-04,346,1,0.002890173410404624
Yorkshire and Humber,2021-04-05,352,1,0.002840909090909091
Yorkshire and Humber,2021-04-06,249,0,0
Yorkshire and Humber,2021-04-07,375,0,0
Yorkshire and Humber,2021-04-08,306,2,0.006535947712418301
Yorkshire and Humber,2021-04-09,284,0,0
Yorkshire and Humber,2021-04-10,161,0,0
Yorkshire and Humber,2021-04-11,242,0,0
Yorkshire and Humber,2021-04-12,365,0,0
Yorkshire and Humber,2021-04-13,275,0,0
Yorkshire and Humber,2021-04-14,271,0,0
Yorkshire and Humber,2021-04-15,245,0,0
Yorkshire and Humber,2021-04-16,229,0,0
Yorkshire and Humber,2021-04-17,186,2,0.010752688172043012
Yorkshire and Humber,2021-04-18,203,1,0.0049261083743842365
Yorkshire and Humber,2021-04-19,275,2,0.007272727272727273
Yorkshire and Humber,2021-04-20,315,3,0.009523809523809525
Yorkshire and Humber,2021-04-21,302,4,0.013245033112582781
Yorkshire and Humber,2021-04-22,323,2,0.006191950464396285
Yorkshire and Humber,2021-04-23,246,2,0.008130081300813009
Yorkshire and Humber,2021-04-24,188,2,0.010638297872340425
Yorkshire and Humber,2021-04-25,201,1,0.004975124378109453
Yorkshire and Humber,2021-04-26,302,3,0.009933774834437087
Yorkshire and Humber,2021-04-27,247,1,0.004048582995951417
Yorkshire and Humber,2021-04-28,282,10,0.03546099290780142
Yorkshire and Humber,2021-04-29,255,2,0.00784313725490196
Yorkshire and Humber,2021-04-30,174,3,0.017241379310344827
Yorkshire and Humber,2021-05-01,121,0,0
Yorkshire and Humber,2021-05-02,80,3,0.0375
Yorkshire and Humber,2021-05-03,176,4,0.022727272727272728
Yorkshire and Humber,2021-05-04,248,3,0.012096774193548387
Yorkshire and Humber,2021-05-05,218,3,0.013761467889908258
Yorkshire and Humber,2021-05-06,197,4,0.02030456852791878
Yorkshire and Humber,2021-05-07,189,6,0.031746031746031744
Yorkshire and Humber,2021-05-08,97,2,0.020618556701030927
Yorkshire and Humber,2021-05-09,86,4,0.046511627906976744
Yorkshire and Humber,2021-05-10,130,7,0.05384615384615385
Yorkshire and Humber,2021-05-11,144,8,0.05555555555555555
Yorkshire and Humber,2021-05-12,111,7,0.06306306306306306
Yorkshire and Humber,2021-05-13,168,12,0.07142857142857142
Yorkshire and Humber,2021-05-14,140,15,0.10714285714285714
Yorkshire and Humber,2021-05-15,80,7,0.0875
Yorkshire and Humber,2021-05-16,188,19,0.10106382978723404
Yorkshire and Humber,2021-05-17,246,48,0.1951219512195122
Yorkshire and Humber,2021-05-18,259,48,0.18532818532818532
Yorkshire and Humber,2021-05-19,278,63,0.22661870503597123
Yorkshire and Humber,2021-05-20,147,40,0.272108843537415
Yorkshire and Humber,2021-05-21,91,18,0.1978021978021978
Yorkshire and Humber,2021-05-22,158,46,0.2911392405063291
Yorkshire and Humber,2021-05-23,205,58,0.28292682926829266
Yorkshire and Humber,2021-05-24,274,104,0.3795620437956204
Yorkshire and Humber,2021-05-25,280,142,0.5071428571428571
Yorkshire and Humber,2021-05-26,295,117,0.39661016949152544
Yorkshire and Humber,2021-05-27,274,123,0.4489051094890511
Yorkshire and Humber,2021-05-28,239,108,0.45188284518828453
Yorkshire and Humber,2021-05-29,215,113,0.5255813953488372
Yorkshire and Humber,2021-05-30,262,156,0.5954198473282443
Yorkshire and Humber,2021-05-31,258,137,0.5310077519379846
Yorkshire and Humber,2021-06-01,392,249,0.6352040816326531
Yorkshire and Humber,2021-06-02,379,261,0.6886543535620053
Yorkshire and Humber,2021-06-03,425,298,0.7011764705882353
Yorkshire and Humber,2021-06-04,454,340,0.748898678414097
Yorkshire and Humber,2021-06-05,391,300,0.7672634271099744
Yorkshire and Humber,2021-06-06,397,306,0.7707808564231738
Yorkshire and Humber,2021-06-07,591,497,0.8409475465313029
Yorkshire and Humber,2021-06-08,583,514,0.8816466552315609
Yorkshire and Humber,2021-06-09,613,540,0.8809135399673735
Yorkshire and Humber,2021-06-10,557,482,0.8653500897666068
Yorkshire and Humber,2021-06-11,532,487,0.9154135338345865
Yorkshire and Humber,2021-06-12,432,394,0.9120370370370371
Yorkshire and Humber,2021-06-13,413,365,0.8837772397094431
Yorkshire and Humber,2021-06-14,734,689,0.9386920980926431
Yorkshire and Humber,2021-06-15,697,668,0.9583931133428981
Yorkshire and Humber,2021-06-16,854,810,0.9484777517564403
Yorkshire and Humber,2021-06-17,888,853,0.9605855855855856
Yorkshire and Humber,2021-06-18,768,750,0.9765625
Yorkshire and Humber,2021-06-19,486,467,0.9609053497942387
Yorkshire and Humber,2021-06-20,575,557,0.9686956521739131
Yorkshire and Humber,2021-06-21,974,940,0.9650924024640657
Yorkshire and Humber,2021-06-22,777,763,0.9819819819819819
Yorkshire and Humber,2021-06-23,753,723,0.9601593625498008
Yorkshire and Humber,2021-06-24,685,625,0.9124087591240876
Yorkshire and Humber,2021-06-25,691,680,0.984081041968162
Yorkshire and Humber,2021-06-26,523,517,0.988527724665392
Yorkshire and Humber,2021-06-27,705,675,0.9574468085106383
Yorkshire and Humber,2021-06-28,950,927,0.9757894736842105
Yorkshire and Humber,2021-06-29,664,653,0.983433734939759
Yorkshire and Humber,2021-06-30,893,864,0.9675251959686451
Yorkshire and Humber,2021-07-01,816,799,0.9791666666666666
