collection_date,lineage,count
2020-09-05,Other,4
2020-09-05,Other,1549
2020-09-05,B.1.1.7,0
2020-09-05,B.1.617.2,0
2020-09-05,Other,0
2020-09-05,BA.2,0
2020-09-05,BA.4,0
2020-09-05,BA.5,0
2020-09-05,BA.1,0
2020-09-05,BA.2.75,0
2020-09-05,XBB,0
2020-09-05,BA.5.3,0
2020-09-12,Other,1
2020-09-12,Other,2026
2020-09-12,B.1.1.7,0
2020-09-12,B.1.617.2,0
2020-09-12,Other,0
2020-09-12,BA.2,0
2020-09-12,BA.4,0
2020-09-12,BA.5,0
2020-09-12,BA.1,0
2020-09-12,BA.2.75,0
2020-09-12,XBB,0
2020-09-12,BA.5.3,0
2020-09-19,Other,0
2020-09-19,Other,1266
2020-09-19,B.1.1.7,0
2020-09-19,B.1.617.2,0
2020-09-19,Other,0
2020-09-19,BA.2,0
2020-09-19,BA.4,0
2020-09-19,BA.5,0
2020-09-19,BA.1,0
2020-09-19,BA.2.75,0
2020-09-19,XBB,0
2020-09-19,BA.5.3,0
2020-09-26,Other,0
2020-09-26,Other,2840
2020-09-26,B.1.1.7,2
2020-09-26,B.1.617.2,0
2020-09-26,Other,0
2020-09-26,BA.2,0
2020-09-26,BA.4,0
2020-09-26,BA.5,0
2020-09-26,BA.1,0
2020-09-26,BA.2.75,0
2020-09-26,XBB,0
2020-09-26,BA.5.3,0
2020-10-03,Other,0
2020-10-03,Other,2029
2020-10-03,B.1.1.7,2
2020-10-03,B.1.617.2,0
2020-10-03,Other,0
2020-10-03,BA.2,0
2020-10-03,BA.4,0
2020-10-03,BA.5,0
2020-10-03,BA.1,0
2020-10-03,BA.2.75,0
2020-10-03,XBB,0
2020-10-03,BA.5.3,0
2020-10-10,Other,0
2020-10-10,Other,3424
2020-10-10,B.1.1.7,1
2020-10-10,B.1.617.2,0
2020-10-10,Other,0
2020-10-10,BA.2,0
2020-10-10,BA.4,0
2020-10-10,BA.5,0
2020-10-10,BA.1,0
2020-10-10,BA.2.75,0
2020-10-10,XBB,0
2020-10-10,BA.5.3,0
2020-10-17,Other,0
2020-10-17,Other,4153
2020-10-17,B.1.1.7,5
2020-10-17,B.1.617.2,0
2020-10-17,Other,0
2020-10-17,BA.2,0
2020-10-17,BA.4,0
2020-10-17,BA.5,0
2020-10-17,BA.1,0
2020-10-17,BA.2.75,0
2020-10-17,XBB,0
2020-10-17,BA.5.3,0
2020-10-24,Other,0
2020-10-24,Other,5090
2020-10-24,B.1.1.7,25
2020-10-24,B.1.617.2,0
2020-10-24,Other,0
2020-10-24,BA.2,0
2020-10-24,BA.4,0
2020-10-24,BA.5,0
2020-10-24,BA.1,0
2020-10-24,BA.2.75,0
2020-10-24,XBB,0
2020-10-24,BA.5.3,0
2020-10-31,Other,0
2020-10-31,Other,3192
2020-10-31,B.1.1.7,26
2020-10-31,B.1.617.2,0
2020-10-31,Other,0
2020-10-31,BA.2,0
2020-10-31,BA.4,0
2020-10-31,BA.5,0
2020-10-31,BA.1,0
2020-10-31,BA.2.75,0
2020-10-31,XBB,0
2020-10-31,BA.5.3,0
2020-11-07,Other,0
2020-11-07,Other,6159
2020-11-07,B.1.1.7,133
2020-11-07,B.1.617.2,0
2020-11-07,Other,0
2020-11-07,BA.2,0
2020-11-07,BA.4,0
2020-11-07,BA.5,0
2020-11-07,BA.1,0
2020-11-07,BA.2.75,0
2020-11-07,XBB,0
2020-11-07,BA.5.3,0
2020-11-14,Other,0
2020-11-14,Other,6916
2020-11-14,B.1.1.7,559
2020-11-14,B.1.617.2,0
2020-11-14,Other,0
2020-11-14,BA.2,0
2020-11-14,BA.4,0
2020-11-14,BA.5,0
2020-11-14,BA.1,0
2020-11-14,BA.2.75,0
2020-11-14,XBB,0
2020-11-14,BA.5.3,0
2020-11-21,Other,2
2020-11-21,Other,4115
2020-11-21,B.1.1.7,383
2020-11-21,B.1.617.2,0
2020-11-21,Other,0
2020-11-21,BA.2,0
2020-11-21,BA.4,0
2020-11-21,BA.5,0
2020-11-21,BA.1,0
2020-11-21,BA.2.75,0
2020-11-21,XBB,0
2020-11-21,BA.5.3,0
2020-11-28,Other,1
2020-11-28,Other,2239
2020-11-28,B.1.1.7,477
2020-11-28,B.1.617.2,0
2020-11-28,Other,0
2020-11-28,BA.2,0
2020-11-28,BA.4,0
2020-11-28,BA.5,0
2020-11-28,BA.1,0
2020-11-28,BA.2.75,0
2020-11-28,XBB,0
2020-11-28,BA.5.3,0
2020-12-05,Other,1
2020-12-05,Other,641
2020-12-05,B.1.1.7,371
2020-12-05,B.1.617.2,0
2020-12-05,Other,0
2020-12-05,BA.2,0
2020-12-05,BA.4,0
2020-12-05,BA.5,0
2020-12-05,BA.1,0
2020-12-05,BA.2.75,0
2020-12-05,XBB,0
2020-12-05,BA.5.3,0
2020-12-12,Other,7
2020-12-12,Other,3025
2020-12-12,B.1.1.7,2131
2020-12-12,B.1.617.2,0
2020-12-12,Other,0
2020-12-12,BA.2,0
2020-12-12,BA.4,0
2020-12-12,BA.5,0
2020-12-12,BA.1,0
2020-12-12,BA.2.75,0
2020-12-12,XBB,0
2020-12-12,BA.5.3,0
2020-12-19,Other,14
2020-12-19,Other,2254
2020-12-19,B.1.1.7,4216
2020-12-19,B.1.617.2,0
2020-12-19,Other,0
2020-12-19,BA.2,0
2020-12-19,BA.4,0
2020-12-19,BA.5,0
2020-12-19,BA.1,0
2020-12-19,BA.2.75,0
2020-12-19,XBB,0
2020-12-19,BA.5.3,0
2020-12-26,Other,13
2020-12-26,Other,1135
2020-12-26,B.1.1.7,2164
2020-12-26,B.1.617.2,0
2020-12-26,Other,0
2020-12-26,BA.2,0
2020-12-26,BA.4,0
2020-12-26,BA.5,0
2020-12-26,BA.1,0
2020-12-26,BA.2.75,0
2020-12-26,XBB,0
2020-12-26,BA.5.3,0
2021-01-02,Other,3
2021-01-02,Other,1064
2021-01-02,B.1.1.7,4264
2021-01-02,B.1.617.2,0
2021-01-02,Other,0
2021-01-02,BA.2,0
2021-01-02,BA.4,0
2021-01-02,BA.5,0
2021-01-02,BA.1,0
2021-01-02,BA.2.75,0
2021-01-02,XBB,0
2021-01-02,BA.5.3,0
2021-01-09,Other,7
2021-01-09,Other,1319
2021-01-09,B.1.1.7,5540
2021-01-09,B.1.617.2,0
2021-01-09,Other,0
2021-01-09,BA.2,0
2021-01-09,BA.4,0
2021-01-09,BA.5,0
2021-01-09,BA.1,0
2021-01-09,BA.2.75,0
2021-01-09,XBB,0
2021-01-09,BA.5.3,0
2021-01-16,Other,20
2021-01-16,Other,1513
2021-01-16,B.1.1.7,7531
2021-01-16,B.1.617.2,0
2021-01-16,Other,0
2021-01-16,BA.2,0
2021-01-16,BA.4,0
2021-01-16,BA.5,0
2021-01-16,BA.1,0
2021-01-16,BA.2.75,0
2021-01-16,XBB,0
2021-01-16,BA.5.3,0
2021-01-23,Other,15
2021-01-23,Other,1086
2021-01-23,B.1.1.7,8739
2021-01-23,B.1.617.2,0
2021-01-23,Other,0
2021-01-23,BA.2,0
2021-01-23,BA.4,0
2021-01-23,BA.5,0
2021-01-23,BA.1,0
2021-01-23,BA.2.75,0
2021-01-23,XBB,0
2021-01-23,BA.5.3,0
2021-01-30,Other,13
2021-01-30,Other,850
2021-01-30,B.1.1.7,10839
2021-01-30,B.1.617.2,0
2021-01-30,Other,0
2021-01-30,BA.2,0
2021-01-30,BA.4,0
2021-01-30,BA.5,0
2021-01-30,BA.1,0
2021-01-30,BA.2.75,0
2021-01-30,XBB,0
2021-01-30,BA.5.3,0
2021-02-06,Other,1
2021-02-06,Other,142
2021-02-06,B.1.1.7,3083
2021-02-06,B.1.617.2,0
2021-02-06,Other,0
2021-02-06,BA.2,0
2021-02-06,BA.4,0
2021-02-06,BA.5,0
2021-02-06,BA.1,0
2021-02-06,BA.2.75,0
2021-02-06,XBB,0
2021-02-06,BA.5.3,0
2021-02-13,Other,5
2021-02-13,Other,169
2021-02-13,B.1.1.7,5498
2021-02-13,B.1.617.2,0
2021-02-13,Other,0
2021-02-13,BA.2,0
2021-02-13,BA.4,0
2021-02-13,BA.5,0
2021-02-13,BA.1,0
2021-02-13,BA.2.75,0
2021-02-13,XBB,0
2021-02-13,BA.5.3,0
2021-02-20,Other,1
2021-02-20,Other,197
2021-02-20,B.1.1.7,9016
2021-02-20,B.1.617.2,0
2021-02-20,Other,0
2021-02-20,BA.2,0
2021-02-20,BA.4,0
2021-02-20,BA.5,0
2021-02-20,BA.1,0
2021-02-20,BA.2.75,0
2021-02-20,XBB,0
2021-02-20,BA.5.3,0
2021-02-27,Other,0
2021-02-27,Other,95
2021-02-27,B.1.1.7,8531
2021-02-27,B.1.617.2,0
2021-02-27,Other,0
2021-02-27,BA.2,0
2021-02-27,BA.4,0
2021-02-27,BA.5,0
2021-02-27,BA.1,0
2021-02-27,BA.2.75,0
2021-02-27,XBB,0
2021-02-27,BA.5.3,0
2021-03-06,Other,0
2021-03-06,Other,107
2021-03-06,B.1.1.7,8557
2021-03-06,B.1.617.2,0
2021-03-06,Other,0
2021-03-06,BA.2,0
2021-03-06,BA.4,0
2021-03-06,BA.5,0
2021-03-06,BA.1,0
2021-03-06,BA.2.75,0
2021-03-06,XBB,0
2021-03-06,BA.5.3,0
2021-03-13,Other,0
2021-03-13,Other,73
2021-03-13,B.1.1.7,10097
2021-03-13,B.1.617.2,0
2021-03-13,Other,0
2021-03-13,BA.2,0
2021-03-13,BA.4,0
2021-03-13,BA.5,0
2021-03-13,BA.1,0
2021-03-13,BA.2.75,0
2021-03-13,XBB,0
2021-03-13,BA.5.3,0
2021-03-20,Other,1
2021-03-20,Other,73
2021-03-20,B.1.1.7,10887
2021-03-20,B.1.617.2,0
2021-03-20,Other,0
2021-03-20,BA.2,0
2021-03-20,BA.4,0
2021-03-20,BA.5,0
2021-03-20,BA.1,0
2021-03-20,BA.2.75,0
2021-03-20,XBB,0
2021-03-20,BA.5.3,0
2021-03-27,Other,16
2021-03-27,Other,73
2021-03-27,B.1.1.7,12542
2021-03-27,B.1.617.2,1
2021-03-27,Other,0
2021-03-27,BA.2,0
2021-03-27,BA.4,0
2021-03-27,BA.5,0
2021-03-27,BA.1,0
2021-03-27,BA.2.75,0
2021-03-27,XBB,0
2021-03-27,BA.5.3,0
2021-04-03,Other,3
2021-04-03,Other,49
2021-04-03,B.1.1.7,8755
2021-04-03,B.1.617.2,2
2021-04-03,Other,0
2021-04-03,BA.2,0
2021-04-03,BA.4,0
2021-04-03,BA.5,0
2021-04-03,BA.1,0
2021-04-03,BA.2.75,0
2021-04-03,XBB,0
2021-04-03,BA.5.3,0
2021-04-10,Other,3
2021-04-10,Other,62
2021-04-10,B.1.1.7,5593
2021-04-10,B.1.617.2,23
2021-04-10,Other,0
2021-04-10,BA.2,0
2021-04-10,BA.4,0
2021-04-10,BA.5,0
2021-04-10,BA.1,0
2021-04-10,BA.2.75,0
2021-04-10,XBB,0
2021-04-10,BA.5.3,0
2021-04-17,Other,2
2021-04-17,Other,80
2021-04-17,B.1.1.7,4738
2021-04-17,B.1.617.2,59
2021-04-17,Other,0
2021-04-17,BA.2,0
2021-04-17,BA.4,0
2021-04-17,BA.5,0
2021-04-17,BA.1,0
2021-04-17,BA.2.75,0
2021-04-17,XBB,0
2021-04-17,BA.5.3,0
2021-04-24,Other,2
2021-04-24,Other,127
2021-04-24,B.1.1.7,4617
2021-04-24,B.1.617.2,201
2021-04-24,Other,0
2021-04-24,BA.2,0
2021-04-24,BA.4,0
2021-04-24,BA.5,0
2021-04-24,BA.1,0
2021-04-24,BA.2.75,0
2021-04-24,XBB,0
2021-04-24,BA.5.3,0
2021-05-01,Other,0
2021-05-01,Other,108
2021-05-01,B.1.1.7,3824
2021-05-01,B.1.617.2,501
2021-05-01,Other,0
2021-05-01,BA.2,0
2021-05-01,BA.4,0
2021-05-01,BA.5,0
2021-05-01,BA.1,0
2021-05-01,BA.2.75,0
2021-05-01,XBB,0
2021-05-01,BA.5.3,0
2021-05-08,Other,4
2021-05-08,Other,89
2021-05-08,B.1.1.7,3110
2021-05-08,B.1.617.2,1324
2021-05-08,Other,0
2021-05-08,BA.2,0
2021-05-08,BA.4,0
2021-05-08,BA.5,0
2021-05-08,BA.1,0
2021-05-08,BA.2.75,0
2021-05-08,XBB,0
2021-05-08,BA.5.3,0
2021-05-15,Other,1
2021-05-15,Other,54
2021-05-15,B.1.1.7,2295
2021-05-15,B.1.617.2,2187
2021-05-15,Other,0
2021-05-15,BA.2,0
2021-05-15,BA.4,0
2021-05-15,BA.5,0
2021-05-15,BA.1,0
2021-05-15,BA.2.75,0
2021-05-15,XBB,0
2021-05-15,BA.5.3,0
2021-05-22,Other,0
2021-05-22,Other,39
2021-05-22,B.1.1.7,1818
2021-05-22,B.1.617.2,4214
2021-05-22,Other,0
2021-05-22,BA.2,0
2021-05-22,BA.4,0
2021-05-22,BA.5,0
2021-05-22,BA.1,0
2021-05-22,BA.2.75,0
2021-05-22,XBB,0
2021-05-22,BA.5.3,0
2021-05-29,Other,0
2021-05-29,Other,25
2021-05-29,B.1.1.7,1448
2021-05-29,B.1.617.2,7065
2021-05-29,Other,0
2021-05-29,BA.2,0
2021-05-29,BA.4,0
2021-05-29,BA.5,0
2021-05-29,BA.1,0
2021-05-29,BA.2.75,0
2021-05-29,XBB,0
2021-05-29,BA.5.3,0
2021-06-05,Other,0
2021-06-05,Other,18
2021-06-05,B.1.1.7,978
2021-06-05,B.1.617.2,12157
2021-06-05,Other,0
2021-06-05,BA.2,0
2021-06-05,BA.4,0
2021-06-05,BA.5,0
2021-06-05,BA.1,0
2021-06-05,BA.2.75,0
2021-06-05,XBB,0
2021-06-05,BA.5.3,0
2021-06-12,Other,0
2021-06-12,Other,16
2021-06-12,B.1.1.7,597
2021-06-12,B.1.617.2,12829
2021-06-12,Other,0
2021-06-12,BA.2,0
2021-06-12,BA.4,0
2021-06-12,BA.5,0
2021-06-12,BA.1,0
2021-06-12,BA.2.75,0
2021-06-12,XBB,0
2021-06-12,BA.5.3,0
2021-06-19,Other,0
2021-06-19,Other,2
2021-06-19,B.1.1.7,149
2021-06-19,B.1.617.2,10098
2021-06-19,Other,0
2021-06-19,BA.2,0
2021-06-19,BA.4,0
2021-06-19,BA.5,0
2021-06-19,BA.1,0
2021-06-19,BA.2.75,0
2021-06-19,XBB,0
2021-06-19,BA.5.3,0
2021-06-26,Other,0
2021-06-26,Other,5
2021-06-26,B.1.1.7,127
2021-06-26,B.1.617.2,12509
2021-06-26,Other,0
2021-06-26,BA.2,0
2021-06-26,BA.4,0
2021-06-26,BA.5,0
2021-06-26,BA.1,0
2021-06-26,BA.2.75,0
2021-06-26,XBB,0
2021-06-26,BA.5.3,0
2021-07-03,Other,0
2021-07-03,Other,2
2021-07-03,B.1.1.7,92
2021-07-03,B.1.617.2,17760
2021-07-03,Other,0
2021-07-03,BA.2,0
2021-07-03,BA.4,0
2021-07-03,BA.5,0
2021-07-03,BA.1,0
2021-07-03,BA.2.75,0
2021-07-03,XBB,0
2021-07-03,BA.5.3,0
2021-07-10,Other,0
2021-07-10,Other,5
2021-07-10,B.1.1.7,32
2021-07-10,B.1.617.2,15119
2021-07-10,Other,0
2021-07-10,BA.2,0
2021-07-10,BA.4,0
2021-07-10,BA.5,0
2021-07-10,BA.1,1
2021-07-10,BA.2.75,0
2021-07-10,XBB,0
2021-07-10,BA.5.3,0
2021-07-17,Other,0
2021-07-17,Other,7
2021-07-17,B.1.1.7,5
2021-07-17,B.1.617.2,12238
2021-07-17,Other,0
2021-07-17,BA.2,0
2021-07-17,BA.4,0
2021-07-17,BA.5,0
2021-07-17,BA.1,0
2021-07-17,BA.2.75,0
2021-07-17,XBB,0
2021-07-17,BA.5.3,0
2021-07-24,Other,0
2021-07-24,Other,6
2021-07-24,B.1.1.7,6
2021-07-24,B.1.617.2,21059
2021-07-24,Other,0
2021-07-24,BA.2,0
2021-07-24,BA.4,0
2021-07-24,BA.5,0
2021-07-24,BA.1,1
2021-07-24,BA.2.75,0
2021-07-24,XBB,0
2021-07-24,BA.5.3,0
2021-07-31,Other,0
2021-07-31,Other,3
2021-07-31,B.1.1.7,5
2021-07-31,B.1.617.2,22849
2021-07-31,Other,0
2021-07-31,BA.2,0
2021-07-31,BA.4,0
2021-07-31,BA.5,0
2021-07-31,BA.1,0
2021-07-31,BA.2.75,0
2021-07-31,XBB,0
2021-07-31,BA.5.3,0
2021-08-07,Other,0
2021-08-07,Other,2
2021-08-07,B.1.1.7,1
2021-08-07,B.1.617.2,23937
2021-08-07,Other,0
2021-08-07,BA.2,0
2021-08-07,BA.4,0
2021-08-07,BA.5,0
2021-08-07,BA.1,0
2021-08-07,BA.2.75,0
2021-08-07,XBB,0
2021-08-07,BA.5.3,0
2021-08-14,Other,0
2021-08-14,Other,3
2021-08-14,B.1.1.7,2
2021-08-14,B.1.617.2,23290
2021-08-14,Other,0
2021-08-14,BA.2,0
2021-08-14,BA.4,0
2021-08-14,BA.5,0
2021-08-14,BA.1,0
2021-08-14,BA.2.75,0
2021-08-14,XBB,0
2021-08-14,BA.5.3,0
2021-08-21,Other,0
2021-08-21,Other,1
2021-08-21,B.1.1.7,0
2021-08-21,B.1.617.2,25738
2021-08-21,Other,0
2021-08-21,BA.2,0
2021-08-21,BA.4,0
2021-08-21,BA.5,0
2021-08-21,BA.1,0
2021-08-21,BA.2.75,0
2021-08-21,XBB,0
2021-08-21,BA.5.3,0
2021-08-28,Other,0
2021-08-28,Other,1
2021-08-28,B.1.1.7,0
2021-08-28,B.1.617.2,25340
2021-08-28,Other,0
2021-08-28,BA.2,0
2021-08-28,BA.4,0
2021-08-28,BA.5,0
2021-08-28,BA.1,1
2021-08-28,BA.2.75,0
2021-08-28,XBB,0
2021-08-28,BA.5.3,0
2021-09-04,Other,0
2021-09-04,Other,1
2021-09-04,B.1.1.7,1
2021-09-04,B.1.617.2,25455
2021-09-04,Other,0
2021-09-04,BA.2,0
2021-09-04,BA.4,0
2021-09-04,BA.5,0
2021-09-04,BA.1,0
2021-09-04,BA.2.75,0
2021-09-04,XBB,0
2021-09-04,BA.5.3,0
2021-09-11,Other,0
2021-09-11,Other,0
2021-09-11,B.1.1.7,0
2021-09-11,B.1.617.2,22578
2021-09-11,Other,0
2021-09-11,BA.2,0
2021-09-11,BA.4,0
2021-09-11,BA.5,0
2021-09-11,BA.1,0
2021-09-11,BA.2.75,0
2021-09-11,XBB,0
2021-09-11,BA.5.3,0
2021-09-18,Other,0
2021-09-18,Other,0
2021-09-18,B.1.1.7,0
2021-09-18,B.1.617.2,25462
2021-09-18,Other,0
2021-09-18,BA.2,0
2021-09-18,BA.4,0
2021-09-18,BA.5,0
2021-09-18,BA.1,1
2021-09-18,BA.2.75,0
2021-09-18,XBB,0
2021-09-18,BA.5.3,0
2021-09-25,Other,0
2021-09-25,Other,0
2021-09-25,B.1.1.7,0
2021-09-25,B.1.617.2,24687
2021-09-25,Other,0
2021-09-25,BA.2,0
2021-09-25,BA.4,0
2021-09-25,BA.5,0
2021-09-25,BA.1,0
2021-09-25,BA.2.75,0
2021-09-25,XBB,0
2021-09-25,BA.5.3,0
2021-10-02,Other,0
2021-10-02,Other,0
2021-10-02,B.1.1.7,0
2021-10-02,B.1.617.2,27296
2021-10-02,Other,0
2021-10-02,BA.2,0
2021-10-02,BA.4,0
2021-10-02,BA.5,0
2021-10-02,BA.1,0
2021-10-02,BA.2.75,0
2021-10-02,XBB,0
2021-10-02,BA.5.3,0
2021-10-09,Other,0
2021-10-09,Other,0
2021-10-09,B.1.1.7,0
2021-10-09,B.1.617.2,27696
2021-10-09,Other,0
2021-10-09,BA.2,0
2021-10-09,BA.4,0
2021-10-09,BA.5,0
2021-10-09,BA.1,0
2021-10-09,BA.2.75,0
2021-10-09,XBB,0
2021-10-09,BA.5.3,0
2021-10-16,Other,0
2021-10-16,Other,0
2021-10-16,B.1.1.7,0
2021-10-16,B.1.617.2,22550
2021-10-16,Other,0
2021-10-16,BA.2,0
2021-10-16,BA.4,0
2021-10-16,BA.5,0
2021-10-16,BA.1,0
2021-10-16,BA.2.75,0
2021-10-16,XBB,0
2021-10-16,BA.5.3,0
2021-10-23,Other,0
2021-10-23,Other,0
2021-10-23,B.1.1.7,0
2021-10-23,B.1.617.2,27570
2021-10-23,Other,0
2021-10-23,BA.2,0
2021-10-23,BA.4,0
2021-10-23,BA.5,0
2021-10-23,BA.1,1
2021-10-23,BA.2.75,0
2021-10-23,XBB,0
2021-10-23,BA.5.3,0
2021-10-30,Other,0
2021-10-30,Other,0
2021-10-30,B.1.1.7,0
2021-10-30,B.1.617.2,26523
2021-10-30,Other,0
2021-10-30,BA.2,0
2021-10-30,BA.4,0
2021-10-30,BA.5,0
2021-10-30,BA.1,2
2021-10-30,BA.2.75,0
2021-10-30,XBB,0
2021-10-30,BA.5.3,0
2021-11-06,Other,0
2021-11-06,Other,0
2021-11-06,B.1.1.7,0
2021-11-06,B.1.617.2,30114
2021-11-06,Other,0
2021-11-06,BA.2,0
2021-11-06,BA.4,0
2021-11-06,BA.5,0
2021-11-06,BA.1,2
2021-11-06,BA.2.75,0
2021-11-06,XBB,0
2021-11-06,BA.5.3,0
2021-11-13,Other,0
2021-11-13,Other,1
2021-11-13,B.1.1.7,0
2021-11-13,B.1.617.2,37013
2021-11-13,Other,0
2021-11-13,BA.2,0
2021-11-13,BA.4,0
2021-11-13,BA.5,0
2021-11-13,BA.1,0
2021-11-13,BA.2.75,0
2021-11-13,XBB,0
2021-11-13,BA.5.3,0
2021-11-20,Other,0
2021-11-20,Other,0
2021-11-20,B.1.1.7,0
2021-11-20,B.1.617.2,39035
2021-11-20,Other,0
2021-11-20,BA.2,0
2021-11-20,BA.4,0
2021-11-20,BA.5,0
2021-11-20,BA.1,3
2021-11-20,BA.2.75,0
2021-11-20,XBB,0
2021-11-20,BA.5.3,0
2021-11-27,Other,0
2021-11-27,Other,1
2021-11-27,B.1.1.7,0
2021-11-27,B.1.617.2,42478
2021-11-27,Other,0
2021-11-27,BA.2,0
2021-11-27,BA.4,0
2021-11-27,BA.5,0
2021-11-27,BA.1,19
2021-11-27,BA.2.75,0
2021-11-27,XBB,0
2021-11-27,BA.5.3,0
2021-12-04,Other,0
2021-12-04,Other,1
2021-12-04,B.1.1.7,0
2021-12-04,B.1.617.2,47485
2021-12-04,Other,0
2021-12-04,BA.2,0
2021-12-04,BA.4,0
2021-12-04,BA.5,0
2021-12-04,BA.1,353
2021-12-04,BA.2.75,0
2021-12-04,XBB,0
2021-12-04,BA.5.3,0
2021-12-11,Other,0
2021-12-11,Other,2
2021-12-11,B.1.1.7,0
2021-12-11,B.1.617.2,41771
2021-12-11,Other,3
2021-12-11,BA.2,2
2021-12-11,BA.4,0
2021-12-11,BA.5,0
2021-12-11,BA.1,5778
2021-12-11,BA.2.75,0
2021-12-11,XBB,0
2021-12-11,BA.5.3,0
2021-12-18,Other,0
2021-12-18,Other,3
2021-12-18,B.1.1.7,0
2021-12-18,B.1.617.2,19978
2021-12-18,Other,8
2021-12-18,BA.2,0
2021-12-18,BA.4,0
2021-12-18,BA.5,0
2021-12-18,BA.1,29108
2021-12-18,BA.2.75,0
2021-12-18,XBB,0
2021-12-18,BA.5.3,1
2021-12-25,Other,0
2021-12-25,Other,0
2021-12-25,B.1.1.7,0
2021-12-25,B.1.617.2,4365
2021-12-25,Other,4
2021-12-25,BA.2,1
2021-12-25,BA.4,0
2021-12-25,BA.5,0
2021-12-25,BA.1,20663
2021-12-25,BA.2.75,0
2021-12-25,XBB,0
2021-12-25,BA.5.3,0
2022-01-01,Other,0
2022-01-01,Other,0
2022-01-01,B.1.1.7,0
2022-01-01,B.1.617.2,1581
2022-01-01,Other,2
2022-01-01,BA.2,8
2022-01-01,BA.4,0
2022-01-01,BA.5,1
2022-01-01,BA.1,35087
2022-01-01,BA.2.75,0
2022-01-01,XBB,0
2022-01-01,BA.5.3,0
2022-01-08,Other,0
2022-01-08,Other,1
2022-01-08,B.1.1.7,0
2022-01-08,B.1.617.2,763
2022-01-08,Other,6
2022-01-08,BA.2,83
2022-01-08,BA.4,0
2022-01-08,BA.5,0
2022-01-08,BA.1,43681
2022-01-08,BA.2.75,0
2022-01-08,XBB,0
2022-01-08,BA.5.3,0
2022-01-15,Other,0
2022-01-15,Other,1
2022-01-15,B.1.1.7,0
2022-01-15,B.1.617.2,284
2022-01-15,Other,0
2022-01-15,BA.2,305
2022-01-15,BA.4,0
2022-01-15,BA.5,1
2022-01-15,BA.1,36637
2022-01-15,BA.2.75,0
2022-01-15,XBB,0
2022-01-15,BA.5.3,0
2022-01-22,Other,0
2022-01-22,Other,0
2022-01-22,B.1.1.7,0
2022-01-22,B.1.617.2,114
2022-01-22,Other,0
2022-01-22,BA.2,1214
2022-01-22,BA.4,1
2022-01-22,BA.5,0
2022-01-22,BA.1,41775
2022-01-22,BA.2.75,0
2022-01-22,XBB,0
2022-01-22,BA.5.3,0
2022-01-29,Other,0
2022-01-29,Other,0
2022-01-29,B.1.1.7,0
2022-01-29,B.1.617.2,39
2022-01-29,Other,3
2022-01-29,BA.2,2515
2022-01-29,BA.4,0
2022-01-29,BA.5,1
2022-01-29,BA.1,35120
2022-01-29,BA.2.75,0
2022-01-29,XBB,0
2022-01-29,BA.5.3,0
2022-02-05,Other,0
2022-02-05,Other,1
2022-02-05,B.1.1.7,0
2022-02-05,B.1.617.2,20
2022-02-05,Other,5
2022-02-05,BA.2,5931
2022-02-05,BA.4,0
2022-02-05,BA.5,0
2022-02-05,BA.1,35942
2022-02-05,BA.2.75,0
2022-02-05,XBB,0
2022-02-05,BA.5.3,0
2022-02-12,Other,0
2022-02-12,Other,0
2022-02-12,B.1.1.7,0
2022-02-12,B.1.617.2,14
2022-02-12,Other,5
2022-02-12,BA.2,9404
2022-02-12,BA.4,0
2022-02-12,BA.5,0
2022-02-12,BA.1,28632
2022-02-12,BA.2.75,0
2022-02-12,XBB,0
2022-02-12,BA.5.3,0
2022-02-19,Other,0
2022-02-19,Other,0
2022-02-19,B.1.1.7,0
2022-02-19,B.1.617.2,14
2022-02-19,Other,7
2022-02-19,BA.2,15250
2022-02-19,BA.4,0
2022-02-19,BA.5,0
2022-02-19,BA.1,21227
2022-02-19,BA.2.75,0
2022-02-19,XBB,0
2022-02-19,BA.5.3,0
2022-02-26,Other,0
2022-02-26,Other,0
2022-02-26,B.1.1.7,0
2022-02-26,B.1.617.2,5
2022-02-26,Other,7
2022-02-26,BA.2,16606
2022-02-26,BA.4,0
2022-02-26,BA.5,0
2022-02-26,BA.1,11737
2022-02-26,BA.2.75,0
2022-02-26,XBB,0
2022-02-26,BA.5.3,0
2022-03-05,Other,0
2022-03-05,Other,0
2022-03-05,B.1.1.7,0
2022-03-05,B.1.617.2,0
2022-03-05,Other,17
2022-03-05,BA.2,23972
2022-03-05,BA.4,0
2022-03-05,BA.5,0
2022-03-05,BA.1,7659
2022-03-05,BA.2.75,0
2022-03-05,XBB,0
2022-03-05,BA.5.3,0
2022-03-12,Other,0
2022-03-12,Other,0
2022-03-12,B.1.1.7,0
2022-03-12,B.1.617.2,6
2022-03-12,Other,46
2022-03-12,BA.2,35159
2022-03-12,BA.4,0
2022-03-12,BA.5,0
2022-03-12,BA.1,5741
2022-03-12,BA.2.75,0
2022-03-12,XBB,0
2022-03-12,BA.5.3,0
2022-03-19,Other,0
2022-03-19,Other,0
2022-03-19,B.1.1.7,0
2022-03-19,B.1.617.2,5
2022-03-19,Other,24
2022-03-19,BA.2,40191
2022-03-19,BA.4,0
2022-03-19,BA.5,0
2022-03-19,BA.1,3525
2022-03-19,BA.2.75,0
2022-03-19,XBB,0
2022-03-19,BA.5.3,0
2022-03-26,Other,0
2022-03-26,Other,0
2022-03-26,B.1.1.7,0
2022-03-26,B.1.617.2,6
2022-03-26,Other,20
2022-03-26,BA.2,33740
2022-03-26,BA.4,1
2022-03-26,BA.5,0
2022-03-26,BA.1,1620
2022-03-26,BA.2.75,0
2022-03-26,XBB,0
2022-03-26,BA.5.3,0
2022-04-02,Other,0
2022-04-02,Other,0
2022-04-02,B.1.1.7,0
2022-04-02,B.1.617.2,0
2022-04-02,Other,7
2022-04-02,BA.2,14166
2022-04-02,BA.4,0
2022-04-02,BA.5,1
2022-04-02,BA.1,433
2022-04-02,BA.2.75,0
2022-04-02,XBB,0
2022-04-02,BA.5.3,1
2022-04-09,Other,0
2022-04-09,Other,0
2022-04-09,B.1.1.7,0
2022-04-09,B.1.617.2,0
2022-04-09,Other,1
2022-04-09,BA.2,2778
2022-04-09,BA.4,2
2022-04-09,BA.5,1
2022-04-09,BA.1,57
2022-04-09,BA.2.75,0
2022-04-09,XBB,0
2022-04-09,BA.5.3,0
2022-04-16,Other,0
2022-04-16,Other,0
2022-04-16,B.1.1.7,0
2022-04-16,B.1.617.2,0
2022-04-16,Other,1
2022-04-16,BA.2,3251
2022-04-16,BA.4,2
2022-04-16,BA.5,1
2022-04-16,BA.1,48
2022-04-16,BA.2.75,0
2022-04-16,XBB,0
2022-04-16,BA.5.3,0
2022-04-23,Other,0
2022-04-23,Other,0
2022-04-23,B.1.1.7,0
2022-04-23,B.1.617.2,0
2022-04-23,Other,1
2022-04-23,BA.2,2146
2022-04-23,BA.4,3
2022-04-23,BA.5,2
2022-04-23,BA.1,10
2022-04-23,BA.2.75,0
2022-04-23,XBB,0
2022-04-23,BA.5.3,1
2022-04-30,Other,0
2022-04-30,Other,0
2022-04-30,B.1.1.7,0
2022-04-30,B.1.617.2,0
2022-04-30,Other,0
2022-04-30,BA.2,1322
2022-04-30,BA.4,0
2022-04-30,BA.5,10
2022-04-30,BA.1,8
2022-04-30,BA.2.75,0
2022-04-30,XBB,0
2022-04-30,BA.5.3,0
2022-05-07,Other,0
2022-05-07,Other,0
2022-05-07,B.1.1.7,0
2022-05-07,B.1.617.2,0
2022-05-07,Other,0
2022-05-07,BA.2,1098
2022-05-07,BA.4,12
2022-05-07,BA.5,13
2022-05-07,BA.1,4
2022-05-07,BA.2.75,0
2022-05-07,XBB,0
2022-05-07,BA.5.3,4
2022-05-14,Other,0
2022-05-14,Other,0
2022-05-14,B.1.1.7,0
2022-05-14,B.1.617.2,0
2022-05-14,Other,0
2022-05-14,BA.2,812
2022-05-14,BA.4,24
2022-05-14,BA.5,16
2022-05-14,BA.1,2
2022-05-14,BA.2.75,0
2022-05-14,XBB,0
2022-05-14,BA.5.3,2
2022-05-21,Other,0
2022-05-21,Other,0
2022-05-21,B.1.1.7,0
2022-05-21,B.1.617.2,0
2022-05-21,Other,0
2022-05-21,BA.2,584
2022-05-21,BA.4,30
2022-05-21,BA.5,33
2022-05-21,BA.1,5
2022-05-21,BA.2.75,0
2022-05-21,XBB,0
2022-05-21,BA.5.3,15
2022-05-28,Other,0
2022-05-28,Other,0
2022-05-28,B.1.1.7,0
2022-05-28,B.1.617.2,0
2022-05-28,Other,0
2022-05-28,BA.2,387
2022-05-28,BA.4,38
2022-05-28,BA.5,47
2022-05-28,BA.1,0
2022-05-28,BA.2.75,0
2022-05-28,XBB,0
2022-05-28,BA.5.3,16
2022-06-04,Other,0
2022-06-04,Other,0
2022-06-04,B.1.1.7,0
2022-06-04,B.1.617.2,0
2022-06-04,Other,0
2022-06-04,BA.2,274
2022-06-04,BA.4,73
2022-06-04,BA.5,98
2022-06-04,BA.1,1
2022-06-04,BA.2.75,0
2022-06-04,XBB,0
2022-06-04,BA.5.3,20
2022-06-11,Other,0
2022-06-11,Other,1
2022-06-11,B.1.1.7,0
2022-06-11,B.1.617.2,0
2022-06-11,Other,0
2022-06-11,BA.2,355
2022-06-11,BA.4,200
2022-06-11,BA.5,321
2022-06-11,BA.1,0
2022-06-11,BA.2.75,0
2022-06-11,XBB,0
2022-06-11,BA.5.3,55
2022-06-18,Other,0
2022-06-18,Other,1
2022-06-18,B.1.1.7,0
2022-06-18,B.1.617.2,0
2022-06-18,Other,0
2022-06-18,BA.2,292
2022-06-18,BA.4,282
2022-06-18,BA.5,541
2022-06-18,BA.1,0
2022-06-18,BA.2.75,0
2022-06-18,XBB,0
2022-06-18,BA.5.3,100
2022-06-25,Other,0
2022-06-25,Other,0
2022-06-25,B.1.1.7,0
2022-06-25,B.1.617.2,0
2022-06-25,Other,0
2022-06-25,BA.2,242
2022-06-25,BA.4,403
2022-06-25,BA.5,904
2022-06-25,BA.1,0
2022-06-25,BA.2.75,5
2022-06-25,XBB,0
2022-06-25,BA.5.3,185
2022-07-02,Other,0
2022-07-02,Other,0
2022-07-02,B.1.1.7,0
2022-07-02,B.1.617.2,1
2022-07-02,Other,0
2022-07-02,BA.2,194
2022-07-02,BA.4,462
2022-07-02,BA.5,1298
2022-07-02,BA.1,0
2022-07-02,BA.2.75,3
2022-07-02,XBB,0
2022-07-02,BA.5.3,238
2022-07-09,Other,0
2022-07-09,Other,0
2022-07-09,B.1.1.7,0
2022-07-09,B.1.617.2,0
2022-07-09,Other,0
2022-07-09,BA.2,112
2022-07-09,BA.4,324
2022-07-09,BA.5,1287
2022-07-09,BA.1,1
2022-07-09,BA.2.75,0
2022-07-09,XBB,0
2022-07-09,BA.5.3,237
2022-07-16,Other,0
2022-07-16,Other,0
2022-07-16,B.1.1.7,0
2022-07-16,B.1.617.2,2
2022-07-16,Other,0
2022-07-16,BA.2,33
2022-07-16,BA.4,212
2022-07-16,BA.5,959
2022-07-16,BA.1,0
2022-07-16,BA.2.75,1
2022-07-16,XBB,0
2022-07-16,BA.5.3,154
2022-07-23,Other,0
2022-07-23,Other,0
2022-07-23,B.1.1.7,0
2022-07-23,B.1.617.2,0
2022-07-23,Other,0
2022-07-23,BA.2,22
2022-07-23,BA.4,113
2022-07-23,BA.5,739
2022-07-23,BA.1,1
2022-07-23,BA.2.75,0
2022-07-23,XBB,0
2022-07-23,BA.5.3,112
2022-07-30,Other,0
2022-07-30,Other,0
2022-07-30,B.1.1.7,0
2022-07-30,B.1.617.2,0
2022-07-30,Other,0
2022-07-30,BA.2,7
2022-07-30,BA.4,93
2022-07-30,BA.5,572
2022-07-30,BA.1,1
2022-07-30,BA.2.75,0
2022-07-30,XBB,0
2022-07-30,BA.5.3,91
2022-08-06,Other,0
2022-08-06,Other,0
2022-08-06,B.1.1.7,0
2022-08-06,B.1.617.2,0
2022-08-06,Other,0
2022-08-06,BA.2,9
2022-08-06,BA.4,74
2022-08-06,BA.5,506
2022-08-06,BA.1,0
2022-08-06,BA.2.75,1
2022-08-06,XBB,0
2022-08-06,BA.5.3,73
2022-08-13,Other,0
2022-08-13,Other,0
2022-08-13,B.1.1.7,0
2022-08-13,B.1.617.2,0
2022-08-13,Other,0
2022-08-13,BA.2,3
2022-08-13,BA.4,40
2022-08-13,BA.5,375
2022-08-13,BA.1,1
2022-08-13,BA.2.75,2
2022-08-13,XBB,0
2022-08-13,BA.5.3,31
2022-08-20,Other,0
2022-08-20,Other,0
2022-08-20,B.1.1.7,0
2022-08-20,B.1.617.2,0
2022-08-20,Other,0
2022-08-20,BA.2,0
2022-08-20,BA.4,33
2022-08-20,BA.5,250
2022-08-20,BA.1,1
2022-08-20,BA.2.75,3
2022-08-20,XBB,0
2022-08-20,BA.5.3,20
2022-08-27,Other,0
2022-08-27,Other,0
2022-08-27,B.1.1.7,0
2022-08-27,B.1.617.2,0
2022-08-27,Other,0
2022-08-27,BA.2,2
2022-08-27,BA.4,18
2022-08-27,BA.5,170
2022-08-27,BA.1,0
2022-08-27,BA.2.75,1
2022-08-27,XBB,0
2022-08-27,BA.5.3,16
2022-09-03,Other,0
2022-09-03,Other,0
2022-09-03,B.1.1.7,0
2022-09-03,B.1.617.2,0
2022-09-03,Other,0
2022-09-03,BA.2,1
2022-09-03,BA.4,24
2022-09-03,BA.5,163
2022-09-03,BA.1,0
2022-09-03,BA.2.75,2
2022-09-03,XBB,0
2022-09-03,BA.5.3,17
2022-09-10,Other,0
2022-09-10,Other,0
2022-09-10,B.1.1.7,0
2022-09-10,B.1.617.2,0
2022-09-10,Other,0
2022-09-10,BA.2,1
2022-09-10,BA.4,12
2022-09-10,BA.5,150
2022-09-10,BA.1,0
2022-09-10,BA.2.75,2
2022-09-10,XBB,0
2022-09-10,BA.5.3,10
2022-09-17,Other,0
2022-09-17,Other,0
2022-09-17,B.1.1.7,0
2022-09-17,B.1.617.2,0
2022-09-17,Other,0
2022-09-17,BA.2,2
2022-09-17,BA.4,10
2022-09-17,BA.5,230
2022-09-17,BA.1,0
2022-09-17,BA.2.75,5
2022-09-17,XBB,1
2022-09-17,BA.5.3,21
2022-09-24,Other,0
2022-09-24,Other,0
2022-09-24,B.1.1.7,0
2022-09-24,B.1.617.2,0
2022-09-24,Other,0
2022-09-24,BA.2,1
2022-09-24,BA.4,17
2022-09-24,BA.5,240
2022-09-24,BA.1,0
2022-09-24,BA.2.75,7
2022-09-24,XBB,1
2022-09-24,BA.5.3,34
2022-10-01,Other,0
2022-10-01,Other,0
2022-10-01,B.1.1.7,0
2022-10-01,B.1.617.2,0
2022-10-01,Other,0
2022-10-01,BA.2,1
2022-10-01,BA.4,27
2022-10-01,BA.5,306
2022-10-01,BA.1,0
2022-10-01,BA.2.75,22
2022-10-01,XBB,0
2022-10-01,BA.5.3,48
2022-10-08,Other,0
2022-10-08,Other,0
2022-10-08,B.1.1.7,0
2022-10-08,B.1.617.2,0
2022-10-08,Other,0
2022-10-08,BA.2,2
2022-10-08,BA.4,52
2022-10-08,BA.5,459
2022-10-08,BA.1,0
2022-10-08,BA.2.75,31
2022-10-08,XBB,1
2022-10-08,BA.5.3,143
2022-10-15,Other,0
2022-10-15,Other,0
2022-10-15,B.1.1.7,0
2022-10-15,B.1.617.2,0
2022-10-15,Other,0
2022-10-15,BA.2,4
2022-10-15,BA.4,21
2022-10-15,BA.5,308
2022-10-15,BA.1,0
2022-10-15,BA.2.75,34
2022-10-15,XBB,1
2022-10-15,BA.5.3,106
2022-10-22,Other,0
2022-10-22,Other,0
2022-10-22,B.1.1.7,0
2022-10-22,B.1.617.2,0
2022-10-22,Other,0
2022-10-22,BA.2,3
2022-10-22,BA.4,15
2022-10-22,BA.5,244
2022-10-22,BA.1,0
2022-10-22,BA.2.75,26
2022-10-22,XBB,4
2022-10-22,BA.5.3,133
2022-10-29,Other,0
2022-10-29,Other,0
2022-10-29,B.1.1.7,0
2022-10-29,B.1.617.2,0
2022-10-29,Other,0
2022-10-29,BA.2,1
2022-10-29,BA.4,10
2022-10-29,BA.5,127
2022-10-29,BA.1,0
2022-10-29,BA.2.75,14
2022-10-29,XBB,2
2022-10-29,BA.5.3,123
2022-11-05,Other,0
2022-11-05,Other,0
2022-11-05,B.1.1.7,0
2022-11-05,B.1.617.2,0
2022-11-05,Other,0
2022-11-05,BA.2,1
2022-11-05,BA.4,5
2022-11-05,BA.5,46
2022-11-05,BA.1,0
2022-11-05,BA.2.75,11
2022-11-05,XBB,0
2022-11-05,BA.5.3,69
2022-11-12,Other,0
2022-11-12,Other,0
2022-11-12,B.1.1.7,0
2022-11-12,B.1.617.2,0
2022-11-12,Other,0
2022-11-12,BA.2,0
2022-11-12,BA.4,1
2022-11-12,BA.5,37
2022-11-12,BA.1,0
2022-11-12,BA.2.75,8
2022-11-12,XBB,0
2022-11-12,BA.5.3,59
2022-11-19,Other,0
2022-11-19,Other,0
2022-11-19,B.1.1.7,0
2022-11-19,B.1.617.2,0
2022-11-19,Other,0
2022-11-19,BA.2,0
2022-11-19,BA.4,1
2022-11-19,BA.5,29
2022-11-19,BA.1,0
2022-11-19,BA.2.75,7
2022-11-19,XBB,0
2022-11-19,BA.5.3,62
2022-11-26,Other,0
2022-11-26,Other,0
2022-11-26,B.1.1.7,0
2022-11-26,B.1.617.2,0
2022-11-26,Other,0
2022-11-26,BA.2,0
2022-11-26,BA.4,3
2022-11-26,BA.5,17
2022-11-26,BA.1,0
2022-11-26,BA.2.75,48
2022-11-26,XBB,2
2022-11-26,BA.5.3,82
2022-12-03,Other,0
2022-12-03,Other,0
2022-12-03,B.1.1.7,0
2022-12-03,B.1.617.2,0
2022-12-03,Other,0
2022-12-03,BA.2,0
2022-12-03,BA.4,5
2022-12-03,BA.5,28
2022-12-03,BA.1,0
2022-12-03,BA.2.75,25
2022-12-03,XBB,5
2022-12-03,BA.5.3,117
2022-12-10,Other,0
2022-12-10,Other,0
2022-12-10,B.1.1.7,0
2022-12-10,B.1.617.2,0
2022-12-10,Other,0
2022-12-10,BA.2,1
2022-12-10,BA.4,2
2022-12-10,BA.5,22
2022-12-10,BA.1,1
2022-12-10,BA.2.75,76
2022-12-10,XBB,11
2022-12-10,BA.5.3,188
2022-12-17,Other,0
2022-12-17,Other,0
2022-12-17,B.1.1.7,0
2022-12-17,B.1.617.2,0
2022-12-17,Other,0
2022-12-17,BA.2,1
2022-12-17,BA.4,1
2022-12-17,BA.5,16
2022-12-17,BA.1,1
2022-12-17,BA.2.75,78
2022-12-17,XBB,30
2022-12-17,BA.5.3,201
2022-12-24,Other,0
2022-12-24,Other,0
2022-12-24,B.1.1.7,0
2022-12-24,B.1.617.2,0
2022-12-24,Other,0
2022-12-24,BA.2,0
2022-12-24,BA.4,0
2022-12-24,BA.5,25
2022-12-24,BA.1,1
2022-12-24,BA.2.75,115
2022-12-24,XBB,21
2022-12-24,BA.5.3,232
2022-12-31,Other,0
2022-12-31,Other,0
2022-12-31,B.1.1.7,0
2022-12-31,B.1.617.2,0
2022-12-31,Other,0
2022-12-31,BA.2,0
2022-12-31,BA.4,2
2022-12-31,BA.5,17
2022-12-31,BA.1,0
2022-12-31,BA.2.75,132
2022-12-31,XBB,13
2022-12-31,BA.5.3,320
2023-01-07,Other,0
2023-01-07,Other,0
2023-01-07,B.1.1.7,0
2023-01-07,B.1.617.2,0
2023-01-07,Other,0
2023-01-07,BA.2,1
2023-01-07,BA.4,5
2023-01-07,BA.5,14
2023-01-07,BA.1,0
2023-01-07,BA.2.75,90
2023-01-07,XBB,15
2023-01-07,BA.5.3,179
2023-01-14,Other,0
2023-01-14,Other,0
2023-01-14,B.1.1.7,0
2023-01-14,B.1.617.2,0
2023-01-14,Other,0
2023-01-14,BA.2,0
2023-01-14,BA.4,0
2023-01-14,BA.5,3
2023-01-14,BA.1,0
2023-01-14,BA.2.75,61
2023-01-14,XBB,7
2023-01-14,BA.5.3,88
2023-01-21,Other,0
2023-01-21,Other,1
2023-01-21,B.1.1.7,0
2023-01-21,B.1.617.2,0
2023-01-21,Other,0
2023-01-21,BA.2,0
2023-01-21,BA.4,0
2023-01-21,BA.5,1
2023-01-21,BA.1,0
2023-01-21,BA.2.75,59
2023-01-21,XBB,20
2023-01-21,BA.5.3,33
2023-01-28,Other,0
2023-01-28,Other,0
2023-01-28,B.1.1.7,0
2023-01-28,B.1.617.2,0
2023-01-28,Other,0
2023-01-28,BA.2,0
2023-01-28,BA.4,0
2023-01-28,BA.5,3
2023-01-28,BA.1,0
2023-01-28,BA.2.75,39
2023-01-28,XBB,36
2023-01-28,BA.5.3,39
2023-02-04,Other,0
2023-02-04,Other,0
2023-02-04,B.1.1.7,0
2023-02-04,B.1.617.2,0
2023-02-04,Other,0
2023-02-04,BA.2,0
2023-02-04,BA.4,0
2023-02-04,BA.5,1
2023-02-04,BA.1,0
2023-02-04,BA.2.75,72
2023-02-04,XBB,84
2023-02-04,BA.5.3,44
2023-02-11,Other,0
2023-02-11,Other,0
2023-02-11,B.1.1.7,0
2023-02-11,B.1.617.2,0
2023-02-11,Other,0
2023-02-11,BA.2,0
2023-02-11,BA.4,0
2023-02-11,BA.5,2
2023-02-11,BA.1,0
2023-02-11,BA.2.75,79
2023-02-11,XBB,115
2023-02-11,BA.5.3,18
